{"cameraMode":{"drawMode":0,"name":"Shaded","section":"Shading Mode"},"sceneLighting":false,"audioPlay":false,"sceneViewState":{"m_AlwaysRefresh":false,"showFog":true,"showSkybox":false,"showFlares":true,"showImageEffects":true,"showParticleSystems":true,"showVisualEffectGraphs":true,"m_FxEnabled":true},"in2DMode":false,"pivot":{"x":0.004549533128738403,"y":0.899111807346344,"z":10.416194915771485},"rotation":{"x":0.048141222447156909,"y":-0.9515140652656555,"z":0.22759678959846497,"w":0.20126716792583466},"size":0.6064804196357727,"orthographic":false}