{"cameraMode":{"drawMode":0,"name":"Shaded","section":"Shading Mode"},"sceneLighting":false,"audioPlay":false,"sceneViewState":{"m_AlwaysRefresh":false,"showFog":true,"showSkybox":false,"showFlares":true,"showImageEffects":true,"showParticleSystems":true,"showVisualEffectGraphs":true,"m_FxEnabled":true},"in2DMode":false,"pivot":{"x":9.169922828674317,"y":3.2790777683258058,"z":1.372341513633728},"rotation":{"x":-0.011680757626891137,"y":-0.7124072909355164,"z":0.011861187405884266,"w":-0.7015697956085205},"size":2.8652822971343996,"orthographic":false}