{"cameraMode":{"drawMode":0,"name":"Shaded","section":"Shading Mode"},"sceneLighting":false,"audioPlay":false,"sceneViewState":{"m_AlwaysRefresh":false,"showFog":true,"showSkybox":false,"showFlares":true,"showImageEffects":true,"showParticleSystems":true,"showVisualEffectGraphs":true,"m_FxEnabled":true},"in2DMode":false,"pivot":{"x":-12.208086967468262,"y":0.175735741853714,"z":-0.13734465837478639},"rotation":{"x":0.026692472398281099,"y":-0.7097869515419006,"z":0.02693507820367813,"w":0.7033962607383728},"size":7.794228553771973,"orthographic":false}